time,x_pos,y_pos,velocity,rotation,action
0,1.32,5.39,0,0,0
0.0510815,1.35004,5.39731,0.306429,6.0212,0
0.0872016,1.37988,5.40443,0.433355,6.0212,0
0.116694,1.40952,5.41137,0.53075,6.0212,0
0.142234,1.43896,5.41812,0.612857,6.0212,0
0.165079,1.4682,5.4247,0.685195,6.0212,0
0.185933,1.49725,5.43109,0.750594,6.0212,0
0.20524,1.52611,5.4373,0.810734,6.0212,0
0.2233,1.55477,5.44333,0.866711,6.0212,0
0.240327,1.58323,5.44919,0.919286,6.0212,0
0.25648,1.61151,5.45487,0.969012,6.0212,0
0.271882,1.63959,5.46037,1.01631,6.0212,0
0.286628,1.66748,5.46571,1.0615,6.0212,0
0.300795,1.69519,5.47086,1.10484,6.0212,0
0.314447,1.7227,5.47585,1.14655,6.0212,0
0.327637,1.75003,5.48066,1.18679,6.0212,0
0.340407,1.77717,5.48531,1.22571,6.0212,0
0.352796,1.80412,5.48979,1.26344,6.0212,0
0.364836,1.83089,5.4941,1.30007,6.0212,0
0.376555,1.85747,5.49824,1.33569,6.0212,0
0.387977,1.88387,5.50222,1.37039,6.0212,0
0.399124,1.91009,5.50604,1.40423,6.0212,0
0.410015,1.93613,5.50969,1.43728,6.0212,0
0.420666,1.96198,5.51318,1.46958,6.0212,0
0.431093,1.98766,5.51651,1.50119,6.0212,0
0.441309,2.01316,5.51968,1.53214,6.0212,0
0.451327,2.03847,5.52269,1.56249,6.0212,0
0.461158,2.06362,5.52555,1.59225,6.0212,0
0.470811,2.08858,5.52825,1.62147,6.0212,0
0.480297,2.11337,5.53079,1.65017,6.0212,0
0.489623,2.13799,5.53319,1.67838,6.0212,0
0.498797,2.16243,5.53543,1.70612,6.0212,0
0.507828,2.1867,5.53751,1.73342,6.0212,0
0.51672,2.2108,5.53945,1.7603,6.0212,0
0.52548,2.23473,5.54124,1.78677,6.0212,0
0.534114,2.25848,5.54288,1.81286,6.0212,0
0.542628,2.28207,5.54437,1.83857,6.0212,0
0.551026,2.30549,5.54572,1.86393,6.0212,0
0.559312,2.32874,5.54692,1.88895,6.0212,0
0.567492,2.35183,5.54798,1.91365,6.0212,0
0.575569,2.37475,5.5489,1.93802,6.0212,0
0.583546,2.39751,5.54968,1.9621,6.0212,0
0.591428,2.4201,5.55031,1.98588,6.0212,0
0.599218,2.44253,5.55081,2.00939,6.0212,0
0.606919,2.46479,5.55117,2.03262,6.0212,0
0.614534,2.4869,5.5514,2.05558,6.0212,0
0.622065,2.50885,5.55148,2.0783,6.0212,0
0.629516,2.53063,5.55144,2.10077,6.0212,0
0.636889,2.55226,5.55126,2.123,6.0212,0
0.644187,2.57373,5.55095,2.145,6.0212,0
0.651411,2.59505,5.5505,2.16678,6.0212,0
0.658563,2.61621,5.54993,2.18834,6.0212,0
0.665647,2.63721,5.54923,2.20969,6.0212,0
0.672664,2.65806,5.5484,2.23083,6.0212,0
0.679615,2.67876,5.54744,2.25178,6.0212,0
0.686503,2.6993,5.54636,2.27253,6.0212,0
0.693329,2.7197,5.54516,2.2931,6.0212,0
0.700095,2.73994,5.54383,2.31348,6.0212,0
0.706802,2.76003,5.54238,2.33369,6.0212,0
0.713452,2.77998,5.54081,2.35372,6.0212,0
0.720047,2.79978,5.53912,2.37358,6.0212,0
0.726587,2.81943,5.53731,2.39328,6.0212,0
0.733075,2.83893,5.53539,2.41282,6.0212,0
0.73951,2.85829,5.53335,2.4322,6.0212,0
0.745896,2.87751,5.53119,2.45143,6.0212,0
0.752231,2.89658,5.52892,2.47051,6.0212,0
0.758519,2.91551,5.52654,2.48944,6.0212,0
0.76476,2.9343,5.52404,2.50823,6.0212,0
0.770954,2.95295,5.52144,2.52687,6.0212,0
0.777104,2.97146,5.51872,2.54539,6.0212,0
0.783209,2.98983,5.5159,2.56377,6.0212,0
0.789271,3.00806,5.51297,2.58201,6.0212,0
0.795291,3.02615,5.50993,2.60013,6.0212,0
0.80127,3.04411,5.50679,2.61813,6.0212,0
0.807208,3.06194,5.50355,2.636,6.0212,0
0.813107,3.07963,5.5002,2.65375,6.0212,0
0.818966,3.09718,5.49675,2.67138,6.0212,0
0.824787,3.11461,5.4932,2.6889,6.0212,0
0.830571,3.1319,5.48955,2.7063,6.0212,0
0.836318,3.14906,5.48581,2.7236,6.0212,0
0.842029,3.16609,5.48197,2.74078,6.0212,0
0.847705,3.183,5.47803,2.75786,6.0212,0
0.853346,3.19977,5.47399,2.77483,6.0212,0
0.858953,3.21642,5.46987,2.7917,6.0212,0
0.864527,3.23294,5.46565,2.80846,6.0212,0
0.870067,3.24934,5.46134,2.82513,6.0212,0
0.875575,3.26561,5.45694,2.8417,6.0212,0
0.881052,3.28176,5.45245,2.85817,6.0212,0
0.886497,3.29779,5.44787,2.87455,6.0212,0
0.891912,3.31369,5.44321,2.89084,6.0212,0
0.897296,3.32947,5.43846,2.90704,6.0212,0
0.902651,3.34514,5.43363,2.92314,6.0212,0
0.907977,3.36068,5.42871,2.93916,6.0212,0
0.913274,3.37611,5.42371,2.95509,6.0212,0
0.918542,3.39141,5.41863,2.97093,6.0212,0
0.923783,3.40661,5.41347,2.9867,6.0212,0
0.928997,3.42168,5.40823,3.00237,6.0212,0
0.934183,3.43665,5.40291,3.01797,6.0212,0
0.939343,3.45149,5.39752,3.03349,6.0212,0
0.944477,3.46623,5.39205,3.04893,6.0212,0
0.949585,3.48085,5.38651,3.06429,6.0212,0
0.954668,3.49537,5.3809,3.07957,6.0212,0
0.959726,3.50977,5.37521,3.09478,6.0212,0
0.964759,3.52406,5.36945,3.10991,6.0212,0
0.969768,3.53825,5.36362,3.12497,6.0212,0
0.974753,3.55232,5.35773,3.13996,6.0212,0
0.979715,3.56629,5.35177,3.15487,6.0212,0
0.984653,3.58016,5.34574,3.16972,6.0212,0
0.989568,3.59392,5.33964,3.1845,6.0212,0
0.994461,3.60758,5.33348,3.19921,6.0212,0
0.999331,3.62113,5.32726,3.21385,6.0212,0
1.00418,3.63458,5.32098,3.22842,6.0212,0
1.00901,3.64793,5.31463,3.24293,6.0212,0
1.01381,3.66118,5.30823,3.25738,6.0212,0
1.0186,3.67433,5.30177,3.27176,6.0212,0
1.02336,3.68738,5.29525,3.28608,6.0212,0
1.0281,3.70034,5.28868,3.30034,6.0212,0
1.03282,3.71319,5.28205,3.31453,6.0212,0
1.03753,3.72596,5.27536,3.32867,6.0212,0
1.04221,3.73862,5.26863,3.34274,6.0212,0
1.04687,3.75119,5.26184,3.35676,6.0212,0
1.05152,3.76367,5.255,3.37071,6.0212,0
1.05614,3.77606,5.24812,3.38461,6.0212,0
1.06075,3.78836,5.24118,3.39846,6.0212,0
1.06533,3.80056,5.2342,3.41224,6.0212,0
1.0699,3.81268,5.22717,3.42597,6.0212,0
1.07445,3.8247,5.2201,3.43965,6.0212,0
1.07899,3.83664,5.21298,3.45327,6.0212,0
1.0835,3.84849,5.20583,3.46684,6.0212,0
1.088,3.86026,5.19863,3.48036,6.0212,0
1.09248,3.87194,5.19139,3.49382,6.0212,0
1.09694,3.88354,5.18411,3.50723,6.0212,0
1.10139,3.89505,5.17679,3.5206,6.0212,0
1.10582,3.90648,5.16944,3.53391,6.0212,0
1.11023,3.91783,5.16205,3.54717,6.0212,0
1.11463,3.9291,5.15463,3.56038,6.0212,0
1.11901,3.94029,5.14717,3.57354,6.0212,0
1.12337,3.9514,5.13968,3.58665,6.0212,0
1.12772,3.96243,5.13216,3.59972,6.0212,0
1.13205,3.97338,5.12461,3.61274,6.0212,0
1.13637,3.98426,5.11703,3.62571,6.0212,0
1.14067,3.99507,5.10943,3.63864,6.0212,0
1.14496,4.0058,5.1018,3.65152,6.0212,0
1.14923,4.01645,5.09414,3.66435,6.0212,0
1.15349,4.02703,5.08646,3.67714,6.0212,0
1.15773,4.03754,5.07875,3.68989,6.0212,0
1.16196,4.04798,5.07102,3.70259,6.0212,0
1.16617,4.05835,5.06327,3.71525,6.0212,0
1.17037,4.06865,5.05551,3.72786,6.0212,0
1.17455,4.07889,5.04772,3.74044,6.0212,0
1.17872,4.08905,5.03992,3.75297,6.0212,0
1.18288,4.09915,5.0321,3.76546,6.0212,0
1.18702,4.10919,5.02426,3.7779,6.0212,0
1.19115,4.11915,5.01641,3.79031,6.0212,0
1.19527,4.12906,5.00855,3.80268,6.0212,0
1.19937,4.1389,5.00068,3.815,6.0212,0
1.20346,4.14868,4.99279,3.82729,6.0212,0
1.20754,4.1584,4.9849,3.83954,6.0212,0
1.2116,4.16806,4.977,3.85175,6.0212,0
1.21565,4.17766,4.96909,3.86392,6.0212,0
1.21969,4.1872,4.96117,3.87605,6.0212,0
1.22372,4.19669,4.95325,3.88814,6.0212,0
1.22773,4.20612,4.94533,3.9002,6.0212,0
1.23173,4.21549,4.9374,3.91222,6.0212,0
1.23572,4.22481,4.92947,3.9242,6.0212,0
1.2397,4.23407,4.92154,3.93615,6.0212,0
1.24366,4.24328,4.91362,3.94806,6.0212,0
1.24762,4.25244,4.90569,3.95993,6.0212,0
1.25156,4.26154,4.89777,3.97177,6.0212,0
1.25549,4.2706,4.88985,3.98357,6.0212,0
1.2594,4.27961,4.88193,3.99534,6.0212,0
1.26332,4.28857,4.87403,4,6.0212,0
1.26723,4.29748,4.86613,4,6.0212,0
1.27114,4.30634,4.85823,4,6.0212,0
1.27506,4.31516,4.85035,4,6.0212,0
1.27897,4.32394,4.84248,4,6.0212,0
1.28288,4.33267,4.83463,4,6.0212,0
1.2868,4.34135,4.82678,4,6.0212,0
1.29071,4.35,4.81895,4,6.0212,0
1.29462,4.3586,4.81113,4,6.0212,0
1.29854,4.36716,4.80334,4,6.0212,0
1.30245,4.37568,4.79555,4,6.0212,0
1.30636,4.38417,4.78779,4,6.0212,0
1.31028,4.39261,4.78005,4,6.0212,0
1.31419,4.40102,4.77233,4,6.0212,0
1.3181,4.4094,4.76463,4,6.0212,0
1.32201,4.41773,4.75696,4,6.0212,0
1.32593,4.42604,4.74931,4,6.0212,0
1.32984,4.43431,4.74168,4,6.0212,0
1.33375,4.44255,4.73408,4,6.0212,0
1.33767,4.45075,4.72652,4,6.0212,0
1.34158,4.45893,4.71897,4,6.0212,0
1.34549,4.46708,4.71146,4,6.0212,0
1.34941,4.47519,4.70399,4,6.0212,0
1.35332,4.48328,4.69654,4,6.0212,0
1.35723,4.49134,4.68913,4,6.0212,0
1.36115,4.49938,4.68175,4,6.0212,0
1.36506,4.50739,4.67441,4,6.0212,0
1.36897,4.51538,4.6671,4,6.0212,0
1.37289,4.52334,4.65983,4,6.0212,0
1.3768,4.53128,4.65261,4,6.0212,0
1.38071,4.5392,4.64542,4,6.0212,0
1.38463,4.5471,4.63827,4,6.0212,0
1.38854,4.55497,4.63117,4,6.0212,0
1.39245,4.56283,4.62411,4,6.0212,0
1.39636,4.57067,4.6171,4,6.0212,0
1.40028,4.5785,4.61013,4,6.0212,0
1.40419,4.5863,4.60321,4,6.0212,0
1.4081,4.59409,4.59634,4,6.0212,0
1.41202,4.60187,4.58952,4,6.0212,0
1.41593,4.60963,4.58274,4,6.0212,0
1.41984,4.61738,4.57603,4,6.0212,0
1.42376,4.62512,4.56936,4,6.0212,0
1.42767,4.63285,4.56274,4,6.0212,0
1.43158,4.64056,4.55619,4,6.0212,0
1.4355,4.64827,4.54969,4,6.0212,0
1.43941,4.65597,4.54324,4,6.0212,0
1.44332,4.66366,4.53686,4,6.0212,0
1.44724,4.67135,4.53053,4,6.0212,0
1.45115,4.67903,4.52427,4,6.0212,0
1.45506,4.6867,4.51806,4,6.0212,0
1.45898,4.69438,4.51193,4,6.0212,0
1.46289,4.70204,4.50585,4,6.0212,0
1.4668,4.70971,4.49984,4,6.0212,0
1.47072,4.71737,4.4939,4,6.0212,0
1.47463,4.72504,4.48802,4,6.0212,0
1.47854,4.7327,4.48222,4,6.0212,0
1.48245,4.74037,4.47648,4,6.0212,0
1.48637,4.74804,4.47081,4,6.0212,0
1.49028,4.75571,4.46522,4,6.0212,0
1.49419,4.76339,4.4597,4,6.0212,0
1.49811,4.77107,4.45426,4,6.0212,0
1.50202,4.77876,4.44889,4,6.0212,0
1.50593,4.78645,4.44359,4,6.0212,0
1.50985,4.79415,4.43838,3.9982,6.0212,0
1.51377,4.80186,4.43324,3.98644,6.0212,0
1.51771,4.80958,4.42819,3.97464,6.0212,0
1.52166,4.81732,4.42321,3.96281,6.0212,0
1.52562,4.82506,4.41832,3.95095,6.0212,0
1.5296,4.83281,4.41351,3.93905,6.0212,0
1.53358,4.84058,4.40879,3.92711,6.0212,0
1.53758,4.84836,4.40415,3.91514,6.0212,0
1.54159,4.85616,4.3996,3.90313,6.0212,0
1.54562,4.86397,4.39514,3.89108,6.0212,0
1.54965,4.8718,4.39077,3.879,6.0212,0
1.5537,4.87964,4.38649,3.86687,6.0212,0
1.55776,4.88751,4.38229,3.85471,6.0212,0
1.56183,4.89539,4.3782,3.84251,6.0212,0
1.56592,4.9033,4.37419,3.83028,6.0212,0
1.57002,4.91122,4.37028,3.818,6.0212,0
1.57413,4.91917,4.36647,3.80568,6.0212,0
1.57826,4.92714,4.36275,3.79333,6.0212,0
1.5824,4.93513,4.35913,3.78093,6.0212,0
1.58655,4.94315,4.35562,3.76849,6.0212,0
1.59072,4.95119,4.3522,3.75601,6.0212,0
1.5949,4.95927,4.34888,3.74349,6.0212,0
1.5991,4.96736,4.34567,3.73093,6.0212,0
1.60328,4.97549,4.34256,3.74349,6.0212,0
1.60745,4.98365,4.33956,3.75601,0,0
1.6116,4.99115,4.33685,3.76849,0,0
1.61574,4.99872,4.33414,3.78093,0,0
1.61987,5.00636,4.33141,3.79333,0,0
1.62399,5.01408,4.32868,3.80568,0,0
1.62809,5.02187,4.32593,3.818,0,0
1.63218,5.02972,4.32317,3.83028,0,0
1.63626,5.03765,4.3204,3.84251,0,0
1.64032,5.04565,4.31763,3.85471,0,0
1.64437,5.05373,4.31484,3.86687,0,0
1.64841,5.06187,4.31205,3.879,0,0
1.65243,5.07009,4.30924,3.89108,0,0
1.65645,5.07838,4.30643,3.90313,0,0
1.66045,5.08675,4.30361,3.91514,0,0
1.66443,5.09518,4.30078,3.92711,0,0
1.66841,5.10369,4.29795,3.93905,0,0
1.67237,5.11227,4.29511,3.95095,0,0
1.67633,5.12093,4.29226,3.96281,0,0
1.68027,5.12966,4.28941,3.97464,0,0
1.6842,5.13846,4.28655,3.98644,0,0
1.68811,5.14733,4.28369,3.9982,0,0
1.69203,5.15628,4.28082,4,0,0
1.69595,5.16531,4.27795,4,0,0
1.69986,5.1744,4.27508,4,0,0
1.70378,5.18358,4.2722,4,0,0
1.70769,5.19282,4.26931,4,0,0
1.71161,5.20214,4.26643,4,0,0
1.71552,5.21154,4.26354,4,0,0
1.71944,5.22101,4.26065,3.99534,0,0
1.72338,5.23056,4.25776,3.98357,0,0
1.72732,5.24018,4.25486,3.97177,0,0
1.73127,5.24987,4.25197,3.95993,0,0
1.73524,5.25965,4.24907,3.94806,0,0
1.73922,5.26949,4.24617,3.93615,0,0
1.74321,5.27942,4.24328,3.9242,0,0
1.74721,5.28942,4.24038,3.91222,0,0
1.75123,5.29949,4.23749,3.9002,0,0
1.75526,5.30964,4.23459,3.88814,0,0
1.7593,5.31987,4.2317,3.87605,0,0
1.76335,5.33018,4.22881,3.86392,0,0
1.76742,5.34056,4.22592,3.85175,0,0
1.7715,5.35102,4.22304,3.83954,0,0
1.77559,5.36155,4.22015,3.82729,0,0
1.7797,5.37217,4.21728,3.815,0,0
1.78382,5.38286,4.2144,3.80268,0,0
1.78795,5.39362,4.21153,3.79031,0,0
1.79209,5.40447,4.20866,3.7779,0,0
1.79625,5.41539,4.2058,3.76546,0,0
1.80043,5.42639,4.20294,3.75297,0,0
1.80461,5.43747,4.20009,3.74044,0,0
1.80881,5.44863,4.19724,3.72786,0,0
1.81303,5.45987,4.1944,3.71525,0,0
1.81726,5.47118,4.19157,3.70259,0,0
1.82151,5.48257,4.18874,3.68989,0,0
1.82577,5.49405,4.18593,3.67714,0,0
1.83004,5.5056,4.18311,3.66435,0,0
1.83433,5.51723,4.18031,3.65152,0,0
1.83863,5.52894,4.17752,3.63864,0,0
1.84295,5.54072,4.17473,3.62571,0,0
1.84729,5.55259,4.17195,3.61274,0,0
1.85164,5.56454,4.16919,3.59972,0,0
1.85601,5.57657,4.16643,3.58665,0,0
1.86039,5.58868,4.16368,3.57354,0,0
1.86479,5.60087,4.16095,3.56038,0,0
1.8692,5.61314,4.15822,3.54717,0,0
1.87364,5.62549,4.15551,3.53391,0,0
1.87808,5.63792,4.15281,3.5206,0,0
1.88255,5.65043,4.15012,3.50723,0,0
1.88703,5.66302,4.14744,3.49382,0,0
1.89153,5.67569,4.14478,3.48036,0,0
1.89605,5.68845,4.14213,3.46684,0,0
1.90059,5.70128,4.13949,3.45327,0,0
1.90514,5.7142,4.13687,3.43965,0,0
1.90971,5.7272,4.13426,3.42597,0,0
1.9143,5.74028,4.13166,3.41224,0,0
1.91891,5.75345,4.12908,3.39846,0,0
1.92354,5.76669,4.12652,3.38461,0,0
1.92818,5.78002,4.12397,3.37071,0,0
1.93285,5.79343,4.12144,3.35676,0,0
1.93754,5.80693,4.11892,3.34274,0,0
1.94224,5.8205,4.11642,3.32867,0,0
1.94697,5.83416,4.11394,3.31453,0,0
1.95171,5.8479,4.11148,3.30034,0,0
1.95648,5.86173,4.10903,3.28608,0,0
1.96127,5.87564,4.10661,3.27176,0,0
1.96607,5.88963,4.1042,3.25738,0,0
1.9709,5.90371,4.10181,3.24293,0,0
1.97576,5.91787,4.09944,3.22842,0,0
1.98063,5.93211,4.09709,3.21385,0,0
1.98552,5.94644,4.09476,3.19921,0,0
1.99044,5.96085,4.09245,3.1845,0,0
1.99538,5.97535,4.09016,3.16972,0,0
2.00035,5.98993,4.08789,3.15487,0,0
2.00534,6.0046,4.08565,3.13996,0,0
2.01035,6.01935,4.08343,3.12497,0,0
2.01539,6.03419,4.08123,3.10991,0,0
2.02045,6.04911,4.07905,3.09478,0,0
2.02553,6.06412,4.07689,3.07957,0,0
2.03064,6.07921,4.07476,3.06429,0,0
2.03578,6.09439,4.07265,3.04893,0,0
2.04094,6.10966,4.07057,3.03349,0,0
2.04613,6.12501,4.06851,3.01797,0,0
2.05135,6.14044,4.06648,3.00237,0,0
2.05659,6.15597,4.06447,2.9867,0,0
2.06187,6.17158,4.06249,2.97093,0,0
2.06717,6.18727,4.06053,2.95509,0,0
2.0725,6.20306,4.0586,2.93916,0,0
2.07785,6.21893,4.0567,2.92314,0,0
2.08324,6.23488,4.05482,2.90704,0,0
2.08866,6.25093,4.05297,2.89084,0,0
2.09411,6.26706,4.05115,2.87455,0,0
2.09959,6.28328,4.04936,2.85817,0,0
2.1051,6.29959,4.0476,2.8417,0,0
2.11064,6.31598,4.04586,2.82513,0,0
2.11622,6.33247,4.04416,2.80846,0,0
2.12183,6.34904,4.04248,2.7917,0,0
2.12748,6.3657,4.04083,2.77483,0,0
2.13315,6.38245,4.03922,2.75786,0,0
2.13887,6.39928,4.03764,2.74078,0,0
2.14462,6.41621,4.03608,2.7236,0,0
2.15041,6.43322,4.03456,2.7063,0,0
2.15623,6.45033,4.03307,2.6889,0,0
2.1621,6.46752,4.03162,2.67138,0,0
2.168,6.4848,4.03019,2.65375,0,0
2.17394,6.50217,4.0288,2.636,0,0
2.17992,6.51964,4.02744,2.61813,0,0
2.18595,6.53719,4.02612,2.60013,0,0
2.19201,6.55483,4.02483,2.58201,0,0
2.19812,6.57256,4.02357,2.56377,0,0
2.20427,6.59038,4.02235,2.54539,0,0
2.21047,6.60829,4.02117,2.52687,0,0
2.21672,6.6263,4.02002,2.50823,0,0
2.22301,6.64439,4.01891,2.48944,0,0
2.22935,6.66257,4.01783,2.47051,0,0
2.23574,6.68085,4.01679,2.45143,0,0
2.24218,6.69922,4.01578,2.4322,0,0
2.24867,6.71767,4.01482,2.41282,0,0
2.25521,6.73622,4.01389,2.39328,0,0
2.26181,6.75487,4.013,2.37358,0,0
2.26847,6.7736,4.01215,2.35372,0,0
2.27518,6.79242,4.01134,2.33369,0,0
2.28195,6.81134,4.01057,2.31348,0,0
2.28878,6.83035,4.00983,2.2931,0,0
2.29567,6.84945,4.00914,2.27253,0,0
2.30262,6.86865,4.00849,2.25178,0,0
2.30965,6.88793,4.00787,2.23083,0,0
2.31673,6.90731,4.0073,2.20969,0,0
2.32389,6.92679,4.00677,2.18834,0,0
2.33112,6.94635,4.00629,2.16678,0,0
2.33842,6.96601,4.00584,2.145,0,0
2.3458,6.98577,4.00544,2.123,0,0
2.35325,7.00561,4.00508,2.10077,0,0
2.36079,7.02555,4.00476,2.0783,0,0
2.36841,7.04559,4.00449,2.05558,0,0
2.37612,7.06572,4.00426,2.03262,0,0
2.38391,7.08594,4.00408,2.00939,0,0
2.3918,7.10626,4.00394,1.98588,0,0
2.39978,7.12667,4.00384,1.9621,0,0
2.40786,7.14718,4.0038,1.93802,0,0
2.41605,7.16778,4.00379,1.91365,0,0
2.42434,7.18848,4.00384,1.88895,0,0
2.43274,7.20927,4.00393,1.86393,0,0
2.44126,7.23015,4.00407,1.83857,0,0
2.4499,7.25114,4.00425,1.81286,0,0
2.45866,7.27221,4.00448,1.78677,0,0
2.46756,7.29339,4.00476,1.7603,0,0
2.4766,7.31466,4.00509,1.73342,0,0
2.48578,7.33603,4.00547,1.70612,0,0
2.49511,7.35749,4.0059,1.67838,0,0
2.5046,7.37905,4.00637,1.65017,0,0
2.51426,7.4007,4.0069,1.62147,0,0
2.5241,7.42245,4.00748,1.59225,0,0
2.53412,7.4443,4.00811,1.56249,0,0
2.54434,7.46625,4.00878,1.53214,0,0
2.55478,7.48829,4.00952,1.50119,0,0
2.56543,7.51043,4.0103,1.46958,0,0
2.57633,7.53267,4.01113,1.43728,0,0
2.58749,7.55501,4.01202,1.40423,0,0
2.59892,7.57744,4.01296,1.37039,0,0
2.61064,7.59997,4.01395,1.33569,0,0
2.62269,7.6226,4.015,1.30007,0,0
2.63509,7.64533,4.0161,1.26344,0,0
2.64786,7.66815,4.01725,1.22571,0,0
2.66106,7.69108,4.01846,1.18679,0,0
2.67472,7.7141,4.01973,1.14655,0,0
2.6889,7.73722,4.02105,1.10484,0,0
2.70365,7.76044,4.02242,1.0615,0,0
2.71906,7.78376,4.02386,1.01631,0,0
2.73523,7.80718,4.02534,0.969012,0,0
2.75226,7.8307,4.02689,0.919286,0,0
2.77034,7.85432,4.02849,0.866711,0,0
2.78965,7.87803,4.03015,0.810734,0,0
2.81052,7.90185,4.03187,0.750594,0,0
2.83338,7.92577,4.03365,0.685195,0,0
2.85894,7.94979,4.03549,0.612857,0,0
2.88845,7.97391,4.03738,0.53075,0,0
2.92459,7.99813,4.03933,0.433355,0,0
2.9757,8.02244,4.04135,0.306429,0,0
2.9757,8.04687,4.04342,0,6.01912,0
3.0267,8.02272,4.04151,0.306429,6.01912,0
3.06277,7.99866,4.03965,0.433355,6.01912,0
3.09222,7.9747,4.03784,0.53075,6.01912,0
3.11772,7.95083,4.0361,0.612857,6.01912,0
3.14053,7.92705,4.0344,0.685195,6.01912,0
3.16135,7.90337,4.03277,0.750594,6.01912,0
3.18063,7.87978,4.03118,0.810734,6.01912,0
3.19866,7.85628,4.02966,0.866711,6.01912,0
3.21566,7.83288,4.02818,0.919286,6.01912,0
3.23179,7.80956,4.02676,0.969012,6.01912,0
3.24717,7.78635,4.0254,1.01631,6.01912,0
3.26189,7.76322,4.02409,1.0615,6.01912,0
3.27604,7.74018,4.02283,1.10484,6.01912,0
3.28967,7.71724,4.02162,1.14655,6.01912,0
3.30284,7.6944,4.02047,1.18679,6.01912,0
3.31559,7.67164,4.01936,1.22571,6.01912,0
3.32796,7.64897,4.01831,1.26344,6.01912,0
3.33998,7.6264,4.01731,1.30007,6.01912,0
3.35168,7.60392,4.01637,1.33569,6.01912,0
3.36308,7.58153,4.01547,1.37039,6.01912,0
3.37421,7.55923,4.01462,1.40423,6.01912,0
3.38509,7.53703,4.01382,1.43728,6.01912,0
3.39572,7.51492,4.01307,1.46958,6.01912,0
3.40613,7.49289,4.01237,1.50119,6.01912,0
3.41633,7.47096,4.01172,1.53214,6.01912,0
3.42634,7.44912,4.01112,1.56249,6.01912,0
3.43615,7.42738,4.01057,1.59225,6.01912,0
3.44579,7.40572,4.01006,1.62147,6.01912,0
3.45526,7.38416,4.0096,1.65017,6.01912,0
3.46457,7.36268,4.00919,1.67838,6.01912,0
3.47373,7.3413,4.00883,1.70612,6.01912,0
3.48275,7.32001,4.00851,1.73342,6.01912,0
3.49163,7.29881,4.00824,1.7603,6.01912,0
3.50038,7.27769,4.00801,1.78677,6.01912,0
3.509,7.25668,4.00783,1.81286,6.01912,0
3.5175,7.23575,4.00769,1.83857,6.01912,0
3.52588,7.21491,4.0076,1.86393,6.01912,0
3.53416,7.19416,4.00756,1.88895,6.01912,0
3.54232,7.1735,4.00756,1.91365,6.01912,0
3.55039,7.15293,4.0076,1.93802,6.01912,0
3.55835,7.13246,4.00768,1.9621,6.01912,0
3.56622,7.11207,4.00781,1.98588,6.01912,0
3.574,7.09177,4.00798,2.00939,6.01912,0
3.58169,7.07156,4.00819,2.03262,6.01912,0
3.58929,7.05145,4.00845,2.05558,6.01912,0
3.59681,7.03142,4.00875,2.0783,6.01912,0
3.60425,7.01148,4.00909,2.10077,6.01912,0
3.61162,6.99163,4.00947,2.123,6.01912,0
3.6189,6.97187,4.00989,2.145,6.01912,0
3.62611,6.9522,4.01035,2.16678,6.01912,0
3.63326,6.93262,4.01085,2.18834,6.01912,0
3.64033,6.91313,4.01139,2.20969,6.01912,0
3.64734,6.89373,4.01197,2.23083,6.01912,0
3.65428,6.87441,4.01259,2.25178,6.01912,0
3.66115,6.85519,4.01324,2.27253,6.01912,0
3.66797,6.83606,4.01394,2.2931,6.01912,0
3.67472,6.81701,4.01467,2.31348,6.01912,0
3.68142,6.79805,4.01545,2.33369,6.01912,0
3.68806,6.77918,4.01625,2.35372,6.01912,0
3.69465,6.7604,4.0171,2.37358,6.01912,0
3.70118,6.74171,4.01798,2.39328,6.01912,0
3.70765,6.72311,4.0189,2.41282,6.01912,0
3.71408,6.70459,4.01986,2.4322,6.01912,0
3.72045,6.68617,4.02085,2.45143,6.01912,0
3.72678,6.66783,4.02187,2.47051,6.01912,0
3.73306,6.64958,4.02293,2.48944,6.01912,0
3.73929,6.63141,4.02403,2.50823,6.01912,0
3.74547,6.61334,4.02516,2.52687,6.01912,0
3.75161,6.59535,4.02632,2.54539,6.01912,0
3.75771,6.57745,4.02752,2.56377,6.01912,0
3.76376,6.55964,4.02875,2.58201,6.01912,0
3.76977,6.54192,4.03001,2.60013,6.01912,0
3.77574,6.52428,4.03131,2.61813,6.01912,0
3.78167,6.50673,4.03264,2.636,6.01912,0
3.78756,6.48927,4.034,2.65375,6.01912,0
3.79341,6.4719,4.03539,2.67138,6.01912,0
3.79923,6.45461,4.03681,2.6889,6.01912,0
3.805,6.43741,4.03827,2.7063,6.01912,0
3.81074,6.4203,4.03975,2.7236,6.01912,0
3.81644,6.40327,4.04127,2.74078,6.01912,0
3.82211,6.38633,4.04281,2.75786,6.01912,0
3.82774,6.36948,4.04439,2.77483,6.01912,0
3.83334,6.35271,4.04599,2.7917,6.01912,0
3.8389,6.33603,4.04762,2.80846,6.01912,0
3.84444,6.31944,4.04928,2.82513,6.01912,0
3.84994,6.30293,4.05097,2.8417,6.01912,0
3.8554,6.28652,4.05269,2.85817,6.01912,0
3.86084,6.27018,4.05443,2.87455,6.01912,0
3.86625,6.25393,4.0562,2.89084,6.01912,0
3.87162,6.23777,4.058,2.90704,6.01912,0
3.87697,6.22169,4.05982,2.92314,6.01912,0
3.88229,6.20571,4.06168,2.93916,6.01912,0
3.88758,6.1898,4.06355,2.95509,6.01912,0
3.89284,6.17398,4.06545,2.97093,6.01912,0
3.89807,6.15825,4.06738,2.9867,6.01912,0
3.90327,6.1426,4.06933,3.00237,6.01912,0
3.90845,6.12704,4.07131,3.01797,6.01912,0
3.91361,6.11157,4.07331,3.03349,6.01912,0
3.91873,6.09618,4.07533,3.04893,6.01912,0
3.92383,6.08087,4.07738,3.06429,6.01912,0
3.92891,6.06565,4.07945,3.07957,6.01912,0
3.93396,6.05051,4.08154,3.09478,6.01912,0
3.93898,6.03546,4.08366,3.10991,6.01912,0
3.94398,6.0205,4.0858,3.12497,6.01912,0
3.94896,6.00562,4.08796,3.13996,6.01912,0
3.95391,5.99082,4.09014,3.15487,6.01912,0
3.95885,5.97611,4.09234,3.16972,6.01912,0
3.96375,5.96148,4.09456,3.1845,6.01912,0
3.96864,5.94694,4.09681,3.19921,6.01912,0
3.9735,5.93248,4.09907,3.21385,6.01912,0
3.97834,5.91811,4.10135,3.22842,6.01912,0
3.98316,5.90382,4.10366,3.24293,6.01912,0
3.98796,5.88962,4.10598,3.25738,6.01912,0
3.99274,5.87549,4.10832,3.27176,6.01912,0
3.99749,5.86146,4.11068,3.28608,6.01912,0
4.00223,5.8475,4.11305,3.30034,6.01912,0
4.00694,5.83363,4.11545,3.31453,6.01912,0
4.01164,5.81985,4.11786,3.32867,6.01912,0
4.01631,5.80615,4.12029,3.34274,6.01912,0
4.02097,5.79253,4.12273,3.35676,6.01912,0
4.02561,5.77899,4.12519,3.37071,6.01912,0
4.03023,5.76554,4.12767,3.38461,6.01912,0
4.03482,5.75217,4.13016,3.39846,6.01912,0
4.0394,5.73889,4.13267,3.41224,6.01912,0
4.04397,5.72569,4.13519,3.42597,6.01912,0
4.04851,5.71257,4.13773,3.43965,6.01912,0
4.05304,5.69953,4.14028,3.45327,6.01912,0
4.05754,5.68658,4.14285,3.46684,6.01912,0
4.06203,5.67371,4.14543,3.48036,6.01912,0
4.06651,5.66092,4.14802,3.49382,6.01912,0
4.07096,5.64822,4.15063,3.50723,6.01912,0
4.0754,5.63559,4.15324,3.5206,6.01912,0
4.07982,5.62305,4.15588,3.53391,6.01912,0
4.08423,5.6106,4.15852,3.54717,6.01912,0
4.08862,5.59822,4.16117,3.56038,6.01912,0
4.09299,5.58593,4.16384,3.57354,6.01912,0
4.09735,5.57372,4.16651,3.58665,6.01912,0
4.10169,5.56159,4.1692,3.59972,6.01912,0
4.10602,5.54954,4.1719,3.61274,6.01912,0
4.11033,5.53758,4.1746,3.62571,6.01912,0
4.11462,5.52569,4.17732,3.63864,6.01912,0
4.11891,5.51389,4.18004,3.65152,6.01912,0
4.12317,5.50217,4.18278,3.66435,6.01912,0
4.12742,5.49054,4.18552,3.67714,6.01912,0
4.13166,5.47898,4.18827,3.68989,6.01912,0
4.13588,5.4675,4.19103,3.70259,6.01912,0
4.14008,5.45611,4.1938,3.71525,6.01912,0
4.14428,5.4448,4.19657,3.72786,6.01912,0
4.14845,5.43357,4.19935,3.74044,6.01912,0
4.15262,5.42242,4.20214,3.75297,6.01912,0
4.15677,5.41135,4.20493,3.76546,6.01912,0
4.16091,5.40036,4.20773,3.7779,6.01912,0
4.16503,5.38945,4.21053,3.79031,6.01912,0
4.16914,5.37862,4.21334,3.80268,6.01912,0
4.17324,5.36788,4.21616,3.815,6.01912,0
4.17732,5.35721,4.21898,3.82729,6.01912,0
4.18139,5.34662,4.2218,3.83954,6.01912,0
4.18545,5.33612,4.22462,3.85175,6.01912,0
4.18949,5.3257,4.22745,3.86392,6.01912,0
4.19352,5.31535,4.23029,3.87605,6.01912,0
4.19754,5.30509,4.23312,3.88814,6.01912,0
4.20155,5.2949,4.23596,3.9002,6.01912,0
4.20555,5.2848,4.2388,3.91222,6.01912,0
4.20953,5.27477,4.24164,3.9242,6.01912,0
4.2135,5.26483,4.24448,3.93615,6.01912,0
4.21746,5.25496,4.24733,3.94806,6.01912,0
4.22141,5.24518,4.25017,3.95993,6.01912,0
4.22534,5.23547,4.25302,3.97177,6.01912,0
4.22926,5.22584,4.25586,3.98357,6.01912,0
4.23318,5.2163,4.25871,3.99534,6.01912,0
4.23708,5.20683,4.26155,4,6.01912,0
4.24099,5.19744,4.2644,4,6.01912,0
4.2449,5.18813,4.26724,4,6.01912,0
4.24881,5.1789,4.27008,3.99432,6.01912,0
4.25273,5.16975,4.27292,3.98255,6.01912,0
4.25667,5.16068,4.27575,3.97074,6.01912,0
4.26062,5.15168,4.27859,3.9589,6.01912,0
4.26458,5.14277,4.28142,3.94702,6.01912,0
4.26855,5.13393,4.28424,3.93511,6.01912,0
4.27253,5.12518,4.28707,3.92316,6.01912,0
4.27653,5.1165,4.28989,3.91118,6.01912,0
4.28054,5.1079,4.2927,3.89915,6.01912,0
4.28456,5.09937,4.29551,3.8871,6.01912,0
4.28859,5.09093,4.29832,3.875,6.01912,0
4.29264,5.08256,4.30112,3.86286,6.01912,0
4.2967,5.07427,4.30391,3.85069,6.01912,0
4.30077,5.06606,4.3067,3.83848,6.01912,0
4.30485,5.05793,4.30948,3.82623,6.01912,0
4.30895,5.04988,4.31225,3.81394,6.01912,0
4.31306,5.0419,4.31502,3.80161,6.01912,0
4.31719,5.034,4.31778,3.78924,6.01912,0
4.32132,5.02618,4.32053,3.77683,6.01912,0
4.32548,5.01843,4.32328,3.76438,6.01912,0
4.32964,5.01077,4.32601,3.75188,6.01912,0
4.33382,5.00318,4.32874,3.73935,6.01912,0
4.33801,4.99567,4.33146,3.72677,6.01912,0
4.34222,4.98823,4.33417,3.71415,6.01912,0
4.34645,4.98087,4.33687,3.70149,6.01912,0
4.35068,4.97359,4.33956,3.68879,0,0
4.35494,4.96551,4.34261,3.67604,0,0
4.35921,4.95745,4.34577,3.66324,0,0
4.36347,4.94943,4.34903,3.67604,0,0
4.36771,4.94144,4.35239,3.68879,0,0
4.37194,4.93348,4.35586,3.70149,0,0
4.37616,4.92554,4.35942,3.71415,0,0
4.38036,4.91763,4.36308,3.72677,0,0
4.38454,4.90975,4.36684,3.73935,0,0
4.38872,4.90189,4.3707,3.75188,0,0
4.39287,4.89406,4.37466,3.76438,0,0
4.39702,4.88625,4.3787,3.77683,0,0
4.40115,4.87846,4.38284,3.78924,0,0
4.40527,4.87069,4.38707,3.80161,0,0
4.40937,4.86294,4.3914,3.81394,0,0
4.41346,4.85521,4.39581,3.82623,0,0
4.41754,4.8475,4.40031,3.83848,0,0
4.42161,4.83981,4.4049,3.85069,0,0
4.42566,4.83214,4.40958,3.86286,0,0
4.4297,4.82448,4.41434,3.875,0,0
4.43372,4.81683,4.41918,3.8871,0,0
4.43774,4.8092,4.42411,3.89915,0,0
4.44174,4.80158,4.42911,3.91118,0,0
4.44573,4.79398,4.4342,3.92316,0,0
4.44971,4.78638,4.43937,3.93511,0,0
4.45367,4.7788,4.44462,3.94702,0,0
4.45763,4.77122,4.44994,3.9589,0,0
4.46157,4.76365,4.45534,3.97074,0,0
4.4655,4.75609,4.46082,3.98255,0,0
4.46942,4.74854,4.46637,3.99432,0,0
4.47333,4.74099,4.47199,4,0,0
4.47724,4.73345,4.47768,4,0,0
4.48116,4.72591,4.48345,4,0,0
4.48507,4.71837,4.48928,4,0,0
4.48898,4.71083,4.49518,4,0,0
4.4929,4.7033,4.50115,4,0,0
4.49681,4.69576,4.50718,4,0,0
4.50072,4.68822,4.51328,4,0,0
4.50464,4.68068,4.51944,4,0,0
4.50855,4.67314,4.52567,4,0,0
4.51246,4.6656,4.53195,4,0,0
4.51638,4.65804,4.5383,4,0,0
4.52029,4.65049,4.5447,4,0,0
4.5242,4.64293,4.55116,4,0,0
4.52812,4.63535,4.55768,4,0,0
4.53203,4.62777,4.56426,4,0,0
4.53594,4.62019,4.57089,4,0,0
4.53986,4.61259,4.57757,4,0,0
4.54377,4.60498,4.5843,4,0,0
4.54768,4.59735,4.59109,4,0,0
4.5516,4.58972,4.59792,4,0,0
4.55551,4.58207,4.60481,4,0,0
4.55942,4.5744,4.61174,4,0,0
4.56334,4.56672,4.61872,4,0,0
4.56725,4.55902,4.62574,4,0,0
4.57116,4.5513,4.63281,4,0,0
4.57508,4.54357,4.63992,4,0,0
4.57899,4.53581,4.64707,4,0,0
4.5829,4.52804,4.65427,4,0,0
4.58682,4.52024,4.6615,4,0,0
4.59073,4.51242,4.66877,4,0,0
4.59464,4.50458,4.67608,4,0,0
4.59856,4.49671,4.68343,4,0,0
4.60247,4.48882,4.69081,4,0,0
4.60638,4.4809,4.69822,4,0,0
4.6103,4.47295,4.70567,4,0,0
4.61421,4.46498,4.71315,4,0,0
4.61812,4.45697,4.72066,4,0,0
4.62204,4.44894,4.7282,4,0,0
4.62595,4.44087,4.73576,4,0,0
4.62986,4.43278,4.74336,4,0,0
4.63378,4.42465,4.75098,4,0,0
4.63769,4.41648,4.75862,4,0,0
4.6416,4.40829,4.76629,4,0,0
4.64551,4.40005,4.77398,4,0,0
4.64943,4.39178,4.7817,4,0,0
4.65334,4.38348,4.78943,4,0,0
4.65725,4.37513,4.79718,4,0,0
4.66117,4.36675,4.80495,4,0,0
4.66508,4.35832,4.81274,4,0,0
4.66899,4.34985,4.82054,4,0,0
4.67291,4.34135,4.82836,4,0,0
4.67682,4.33279,4.83619,4,0,0
4.68073,4.3242,4.84404,4,0,0
4.68465,4.31556,4.85189,4,0,0
4.68856,4.30687,4.85976,4,0,0
4.69248,4.29814,4.86763,3.99534,0,0
4.69641,4.28936,4.87551,3.98357,0,0
4.70035,4.28053,4.8834,3.97177,0,0
4.7043,4.27165,4.8913,3.95993,0,0
4.70827,4.26272,4.89919,3.94806,0,0
4.71224,4.25374,4.9071,3.93615,0,0
4.71623,4.2447,4.915,3.9242,0,0
4.72023,4.23562,4.92291,3.91222,0,0
4.72425,4.22648,4.93081,3.9002,0,0
4.72827,4.21728,4.93871,3.88814,0,0
4.73231,4.20803,4.94661,3.87605,0,0
4.73636,4.19872,4.95451,3.86392,0,0
4.74043,4.18935,4.9624,3.85175,0,0
4.7445,4.17993,4.97029,3.83954,0,0
4.74859,4.17044,4.97817,3.82729,0,0
4.7527,4.16089,4.98604,3.815,0,0
4.75681,4.15128,4.9939,3.80268,0,0
4.76094,4.14161,5.00176,3.79031,0,0
4.76509,4.13188,5.0096,3.7779,0,0
4.76924,4.12208,5.01743,3.76546,0,0
4.77341,4.11222,5.02524,3.75297,0,0
4.7776,4.10229,5.03304,3.74044,0,0
4.7818,4.09229,5.04082,3.72786,0,0
4.78601,4.08222,5.04859,3.71525,0,0
4.79024,4.07209,5.05633,3.70259,0,0
4.79448,4.06188,5.06406,3.68989,0,0
4.79874,4.0516,5.07177,3.67714,0,0
4.80301,4.04126,5.07946,3.66435,0,0
4.8073,4.03083,5.08712,3.65152,0,0
4.8116,4.02034,5.09476,3.63864,0,0
4.81591,4.00977,5.10237,3.62571,0,0
4.82025,3.99912,5.10996,3.61274,0,0
4.8246,3.9884,5.11752,3.59972,0,0
4.82896,3.9776,5.12505,3.58665,0,0
4.83334,3.96672,5.13255,3.57354,0,0
4.83774,3.95577,5.14002,3.56038,0,0
4.84215,3.94473,5.14746,3.54717,0,0
4.84658,3.93361,5.15487,3.53391,0,0
4.85103,3.92241,5.16224,3.5206,0,0
4.85549,3.91112,5.16957,3.50723,0,0
4.85997,3.89976,5.17687,3.49382,0,0
4.86447,3.8883,5.18413,3.48036,0,0
4.86898,3.87676,5.19136,3.46684,0,0
4.87351,3.86514,5.19854,3.45327,0,0
4.87807,3.85342,5.20568,3.43965,0,0
4.88263,3.84162,5.21278,3.42597,0,0
4.88722,3.82973,5.21984,3.41224,0,0
4.89183,3.81775,5.22685,3.39846,0,0
4.89645,3.80567,5.23381,3.38461,0,0
4.9011,3.7935,5.24073,3.37071,0,0
4.90576,3.78124,5.24761,3.35676,0,0
4.91044,3.76889,5.25443,3.34274,0,0
4.91514,3.75644,5.2612,3.32867,0,0
4.91987,3.74389,5.26792,3.31453,0,0
4.92461,3.73125,5.27459,3.30034,0,0
4.92937,3.71851,5.2812,3.28608,0,0
4.93416,3.70567,5.28776,3.27176,0,0
4.93896,3.69273,5.29427,3.25738,0,0
4.94379,3.67969,5.30072,3.24293,0,0
4.94864,3.66655,5.3071,3.22842,0,0
4.95351,3.6533,5.31343,3.21385,0,0
4.9584,3.63995,5.3197,3.19921,0,0
4.96332,3.6265,5.32591,3.1845,0,0
4.96826,3.61294,5.33206,3.16972,0,0
4.97322,3.59928,5.33814,3.15487,0,0
4.9782,3.5855,5.34415,3.13996,0,0
4.98321,3.57162,5.3501,3.12497,0,0
4.98824,3.55763,5.35599,3.10991,0,0
4.9933,3.54353,5.3618,3.09478,0,0
4.99839,3.52932,5.36754,3.07957,0,0
5.00349,3.515,5.37322,3.06429,0,0
5.00863,3.50056,5.37882,3.04893,0,0
5.01379,3.48601,5.38435,3.03349,0,0
5.01897,3.47135,5.38981,3.01797,0,0
5.02419,3.45657,5.39519,3.00237,0,0
5.02943,3.44167,5.40049,2.9867,0,0
5.0347,3.42665,5.40572,2.97093,0,0
5.03999,3.41152,5.41086,2.95509,0,0
5.04532,3.39627,5.41593,2.93916,0,0
5.05067,3.38089,5.42092,2.92314,0,0
5.05606,3.3654,5.42582,2.90704,0,0
5.06147,3.34978,5.43065,2.89084,0,0
5.06692,3.33404,5.43538,2.87455,0,0
5.0724,3.31818,5.44004,2.85817,0,0
5.0779,3.30219,5.4446,2.8417,0,0
5.08345,3.28607,5.44908,2.82513,0,0
5.08902,3.26983,5.45347,2.80846,0,0
5.09462,3.25346,5.45777,2.7917,0,0
5.10027,3.23696,5.46197,2.77483,0,0
5.10594,3.22033,5.46609,2.75786,0,0
5.11165,3.20358,5.47011,2.74078,0,0
5.1174,3.18668,5.47404,2.7236,0,0
5.12318,3.16966,5.47787,2.7063,0,0
5.12901,3.1525,5.48161,2.6889,0,0
5.13487,3.13521,5.48524,2.67138,0,0
5.14076,3.11779,5.48878,2.65375,0,0
5.1467,3.10022,5.49222,2.636,0,0
5.15268,3.08253,5.49556,2.61813,0,0
5.1587,3.06469,5.49879,2.60013,0,0
5.16476,3.04671,5.50192,2.58201,0,0
5.17087,3.02859,5.50495,2.56377,0,0
5.17702,3.01034,5.50787,2.54539,0,0
5.18321,2.99194,5.51068,2.52687,0,0
5.18945,2.97339,5.51338,2.50823,0,0
5.19574,2.95471,5.51598,2.48944,0,0
5.20208,2.93588,5.51846,2.47051,0,0
5.20846,2.9169,5.52083,2.45143,0,0
5.2149,2.89778,5.5231,2.4322,0,0
5.22139,2.87851,5.52524,2.41282,0,0
5.22793,2.85909,5.52727,2.39328,0,0
5.23452,2.83952,5.52919,2.37358,0,0
5.24117,2.8198,5.53099,2.35372,0,0
5.24788,2.79993,5.53267,2.33369,0,0
5.25464,2.77991,5.53423,2.31348,0,0
5.26147,2.75974,5.53566,2.2931,0,0
5.26836,2.73941,5.53698,2.27253,0,0
5.27531,2.71893,5.53818,2.25178,0,0
5.28233,2.69829,5.53925,2.23083,0,0
5.28941,2.67749,5.54019,2.20969,0,0
5.29656,2.65654,5.54101,2.18834,0,0
5.30379,2.63543,5.5417,2.16678,0,0
5.31108,2.61416,5.54226,2.145,0,0
5.31846,2.59273,5.5427,2.123,0,0
5.32591,2.57113,5.543,2.10077,0,0
5.33344,2.54938,5.54317,2.0783,0,0
5.34106,2.52746,5.5432,2.05558,0,0
5.34876,2.50537,5.54311,2.03262,0,0
5.35655,2.48313,5.54287,2.00939,0,0
5.36443,2.46071,5.5425,1.98588,0,0
5.37241,2.43813,5.542,1.9621,0,0
5.38048,2.41538,5.54135,1.93802,0,0
5.38866,2.39246,5.54056,1.91365,0,0
5.39695,2.36938,5.53963,1.88895,0,0
5.40535,2.34612,5.53856,1.86393,0,0
5.41386,2.32269,5.53735,1.83857,0,0
5.4225,2.29908,5.53599,1.81286,0,0
5.43126,2.27531,5.53449,1.78677,0,0
5.44015,2.25136,5.53284,1.7603,0,0
5.44918,2.22723,5.53104,1.73342,0,0
5.45835,2.20293,5.52909,1.70612,0,0
5.46768,2.17845,5.52699,1.67838,0,0
5.47716,2.15379,5.52474,1.65017,0,0
5.48682,2.12896,5.52234,1.62147,0,0
5.49665,2.10394,5.51978,1.59225,0,0
5.50667,2.07874,5.51707,1.56249,0,0
5.51688,2.05336,5.51421,1.53214,0,0
5.52731,2.0278,5.51118,1.50119,0,0
5.53796,2.00205,5.508,1.46958,0,0
5.54885,1.97612,5.50466,1.43728,0,0
5.56,1.95,5.50116,1.40423,0,0
5.57142,1.9237,5.49749,1.37039,0,0
5.58314,1.89721,5.49367,1.33569,0,0
5.59518,1.87053,5.48968,1.30007,0,0
5.60757,1.84366,5.48552,1.26344,0,0
5.62034,1.8166,5.4812,1.22571,0,0
5.63353,1.78935,5.47671,1.18679,0,0
5.64718,1.76191,5.47206,1.14655,0,0
5.66135,1.73428,5.46723,1.10484,0,0
5.6761,1.70645,5.46223,1.0615,0,0
5.6915,1.67842,5.45706,1.01631,0,0
5.70765,1.6502,5.45172,0.969012,0,0
5.72468,1.62179,5.4462,0.919286,0,0
5.74274,1.59317,5.44051,0.866711,0,0
5.76205,1.56436,5.43464,0.810734,0,0
5.7829,1.53534,5.4286,0.750594,0,0
5.80575,1.50613,5.42237,0.685195,0,0
5.83129,1.47672,5.41597,0.612857,0,0
5.86078,1.4471,5.40938,0.53075,0,0
5.8969,1.41728,5.40262,0.433355,0,0
5.94798,1.38725,5.39566,0.306429,0,0
5.94798,1.35702,5.38853,0,0,0
